leader_id|attached_id|
adepta-sororitas::aestred-thurga-and-agathae-dolan|adepta-sororitas::battle-sisters-squad|
adepta-sororitas::aestred-thurga-and-agathae-dolan|adepta-sororitas::celestian-insidiants|
adepta-sororitas::aestred-thurga-and-agathae-dolan|adepta-sororitas::celestian-sacresants|
adepta-sororitas::aestred-thurga-and-agathae-dolan|adepta-sororitas::dominion-squad|
adepta-sororitas::aestred-thurga-and-agathae-dolan|adepta-sororitas::retributor-squad|
adepta-sororitas::aestred-thurga-and-agathae-dolan|adepta-sororitas::sisters-novitiate-squad|
adepta-sororitas::canoness|adepta-sororitas::battle-sisters-squad|
adepta-sororitas::canoness|adepta-sororitas::celestian-insidiants|
adepta-sororitas::canoness|adepta-sororitas::celestian-sacresants|
adepta-sororitas::canoness|adepta-sororitas::dominion-squad|
adepta-sororitas::canoness|adepta-sororitas::retributor-squad|
adepta-sororitas::canoness|adepta-sororitas::sisters-novitiate-squad|
adepta-sororitas::canoness-with-jump-pack|adepta-sororitas::seraphim-squad|
adepta-sororitas::canoness-with-jump-pack|adepta-sororitas::zephyrim-squad|
adepta-sororitas::dialogus|adepta-sororitas::battle-sisters-squad|
adepta-sororitas::dialogus|adepta-sororitas::celestian-insidiants|
adepta-sororitas::dialogus|adepta-sororitas::celestian-sacresants|
adepta-sororitas::dialogus|adepta-sororitas::dominion-squad|
adepta-sororitas::dialogus|adepta-sororitas::retributor-squad|
adepta-sororitas::dialogus|adepta-sororitas::sisters-novitiate-squad|
adepta-sororitas::dogmata|adepta-sororitas::battle-sisters-squad|
adepta-sororitas::dogmata|adepta-sororitas::celestian-insidiants|
adepta-sororitas::dogmata|adepta-sororitas::celestian-sacresants|
adepta-sororitas::dogmata|adepta-sororitas::dominion-squad|
adepta-sororitas::dogmata|adepta-sororitas::retributor-squad|
adepta-sororitas::hospitaller|adepta-sororitas::battle-sisters-squad|
adepta-sororitas::hospitaller|adepta-sororitas::celestian-insidiants|
adepta-sororitas::hospitaller|adepta-sororitas::celestian-sacresants|
adepta-sororitas::hospitaller|adepta-sororitas::dominion-squad|
adepta-sororitas::hospitaller|adepta-sororitas::retributor-squad|
adepta-sororitas::hospitaller|adepta-sororitas::sisters-novitiate-squad|
adepta-sororitas::imagifier|adepta-sororitas::battle-sisters-squad|
adepta-sororitas::imagifier|adepta-sororitas::celestian-insidiants|
adepta-sororitas::imagifier|adepta-sororitas::celestian-sacresants|
adepta-sororitas::imagifier|adepta-sororitas::dominion-squad|
adepta-sororitas::imagifier|adepta-sororitas::retributor-squad|
adepta-sororitas::junith-eruita|adepta-sororitas::battle-sisters-squad|
adepta-sororitas::junith-eruita|adepta-sororitas::celestian-insidiants|
adepta-sororitas::junith-eruita|adepta-sororitas::celestian-sacresants|
adepta-sororitas::junith-eruita|adepta-sororitas::dominion-squad|
adepta-sororitas::junith-eruita|adepta-sororitas::retributor-squad|
adepta-sororitas::junith-eruita|adepta-sororitas::sisters-novitiate-squad|
adepta-sororitas::ministorum-priest|adepta-sororitas::arco-flagellants|
adepta-sororitas::ministorum-priest|adepta-sororitas::battle-sisters-squad|
adepta-sororitas::ministorum-priest|adepta-sororitas::celestian-insidiants|
adepta-sororitas::ministorum-priest|adepta-sororitas::dominion-squad|
adepta-sororitas::ministorum-priest|adepta-sororitas::sanctifiers|
adepta-sororitas::ministorum-priest|adepta-sororitas::sisters-novitiate-squad|
agents-of-the-imperium::ministorum-priest|agents-of-the-imperium::sanctifiers|
adepta-sororitas::morvenn-vahl|adepta-sororitas::paragon-warsuits|
adepta-sororitas::palatine|adepta-sororitas::battle-sisters-squad|
adepta-sororitas::palatine|adepta-sororitas::celestian-insidiants|
adepta-sororitas::palatine|adepta-sororitas::celestian-sacresants|
adepta-sororitas::palatine|adepta-sororitas::dominion-squad|
adepta-sororitas::palatine|adepta-sororitas::retributor-squad|
adepta-sororitas::palatine|adepta-sororitas::sisters-novitiate-squad|
adepta-sororitas::saint-celestine|adepta-sororitas::seraphim-squad|
adepta-sororitas::saint-celestine|adepta-sororitas::zephyrim-squad|
adepta-sororitas::triumph-of-saint-katherine|adepta-sororitas::battle-sisters-squad|
adeptus-astartes::adrax-agatone|adeptus-astartes::assault-intercessor-squad|
adeptus-astartes::adrax-agatone|adeptus-astartes::bladeguard-veteran-squad|
adeptus-astartes::adrax-agatone|adeptus-astartes::company-heroes|
adeptus-astartes::adrax-agatone|adeptus-astartes::infernus-squad|
adeptus-astartes::adrax-agatone|adeptus-astartes::intercessor-squad|
adeptus-astartes::adrax-agatone|adeptus-astartes::sternguard-veteran-squad|
adeptus-astartes::adrax-agatone|adeptus-astartes::tactical-squad|
adeptus-astartes::ancient|adeptus-astartes::assault-intercessor-squad|
adeptus-astartes::ancient|adeptus-astartes::crusader-squad|
adeptus-astartes::ancient|adeptus-astartes::deathwatch-veterans|
adeptus-astartes::ancient|adeptus-astartes::decimus-kill-team|
adeptus-astartes::ancient|adeptus-astartes::desolation-squad|
adeptus-astartes::ancient|adeptus-astartes::devastator-squad|
adeptus-astartes::ancient|adeptus-astartes::fortis-kill-team|
adeptus-astartes::ancient|adeptus-astartes::hellblaster-squad|
adeptus-astartes::ancient|adeptus-astartes::infernus-squad|
adeptus-astartes::ancient|adeptus-astartes::inner-circle-companions|
adeptus-astartes::ancient|adeptus-astartes::intercessor-squad|
adeptus-astartes::ancient|adeptus-astartes::sternguard-veteran-squad|
adeptus-astartes::ancient|adeptus-astartes::sword-brethren-squad|
adeptus-astartes::ancient|adeptus-astartes::tactical-squad|
adeptus-astartes::ancient-in-terminator-armour|adeptus-astartes::deathwatch-terminator-squad|
adeptus-astartes::ancient-in-terminator-armour|adeptus-astartes::deathwing-knights|
adeptus-astartes::ancient-in-terminator-armour|adeptus-astartes::deathwing-terminator-squad|
adeptus-astartes::ancient-in-terminator-armour|adeptus-astartes::terminator-assault-squad|
adeptus-astartes::ancient-in-terminator-armour|adeptus-astartes::terminator-squad|
adeptus-astartes::apothecary|adeptus-astartes::assault-intercessor-squad|
adeptus-astartes::apothecary|adeptus-astartes::bladeguard-veteran-squad|
adeptus-astartes::apothecary|adeptus-astartes::crusader-squad|
adeptus-astartes::apothecary|adeptus-astartes::deathwatch-veterans|
adeptus-astartes::apothecary|adeptus-astartes::decimus-kill-team|
adeptus-astartes::apothecary|adeptus-astartes::desolation-squad|
adeptus-astartes::apothecary|adeptus-astartes::devastator-squad|
adeptus-astartes::apothecary|adeptus-astartes::fortis-kill-team|
adeptus-astartes::apothecary|adeptus-astartes::hellblaster-squad|
adeptus-astartes::apothecary|adeptus-astartes::infernus-squad|
adeptus-astartes::apothecary|adeptus-astartes::inner-circle-companions|
adeptus-astartes::apothecary|adeptus-astartes::intercessor-squad|
adeptus-astartes::apothecary|adeptus-astartes::sternguard-veteran-squad|
adeptus-astartes::apothecary|adeptus-astartes::sword-brethren-squad|
adeptus-astartes::apothecary|adeptus-astartes::tactical-squad|
adeptus-astartes::apothecary-biologis|adeptus-astartes::aggressor-squad|
adeptus-astartes::apothecary-biologis|adeptus-astartes::eradicator-squad|
adeptus-astartes::apothecary-biologis|adeptus-astartes::heavy-intercessor-squad|
adeptus-astartes::apothecary-biologis|adeptus-astartes::indomitor-kill-team|
adeptus-astartes::arjac-rockfist|adeptus-astartes::wolf-guard-terminators|
adeptus-astartes::asmodai|adeptus-astartes::assault-intercessor-squad|
adeptus-astartes::asmodai|adeptus-astartes::bladeguard-veteran-squad|
adeptus-astartes::asmodai|adeptus-astartes::hellblaster-squad|
adeptus-astartes::asmodai|adeptus-astartes::infernus-squad|
adeptus-astartes::asmodai|adeptus-astartes::inner-circle-companions|
adeptus-astartes::asmodai|adeptus-astartes::intercessor-squad|
adeptus-astartes::asmodai|adeptus-astartes::sternguard-veteran-squad|
adeptus-astartes::asmodai|adeptus-astartes::tactical-squad|
adeptus-astartes::astorath|adeptus-astartes::death-company-marines-with-jump-packs|
adeptus-astartes::azrael|adeptus-astartes::assault-intercessor-squad|
adeptus-astartes::azrael|adeptus-astartes::bladeguard-veteran-squad|
adeptus-astartes::azrael|adeptus-astartes::hellblaster-squad|
adeptus-astartes::azrael|adeptus-astartes::infernus-squad|
adeptus-astartes::azrael|adeptus-astartes::inner-circle-companions|
adeptus-astartes::azrael|adeptus-astartes::intercessor-squad|
adeptus-astartes::azrael|adeptus-astartes::sternguard-veteran-squad|
adeptus-astartes::azrael|adeptus-astartes::tactical-squad|
adeptus-astartes::belial|adeptus-astartes::deathwing-knights|
adeptus-astartes::belial|adeptus-astartes::deathwing-terminator-squad|
adeptus-astartes::belial|adeptus-astartes::terminator-assault-squad|
adeptus-astartes::belial|adeptus-astartes::terminator-squad|
adeptus-astartes::bladeguard-ancient|adeptus-astartes::bladeguard-veteran-squad|
adeptus-astartes::blood-angels-captain|adeptus-astartes::assault-intercessor-squad|
adeptus-astartes::blood-angels-captain|adeptus-astartes::company-heroes|
adeptus-astartes::blood-angels-captain|adeptus-astartes::infernus-squad|
adeptus-astartes::blood-angels-captain|adeptus-astartes::intercessor-squad|
adeptus-astartes::blood-angels-captain|adeptus-astartes::sternguard-veteran-squad|
adeptus-astartes::blood-angels-captain|adeptus-astartes::tactical-squad|
adeptus-astartes::caanok-var|adeptus-astartes::terminator-assault-squad|
adeptus-astartes::caanok-var|adeptus-astartes::terminator-squad|
adeptus-astartes::captain|adeptus-astartes::assault-intercessor-squad|
adeptus-astartes::captain|adeptus-astartes::bladeguard-veteran-squad|
adeptus-astartes::captain|adeptus-astartes::company-heroes|
adeptus-astartes::captain|adeptus-astartes::crusader-squad|
adeptus-astartes::captain|adeptus-astartes::deathwatch-veterans|
adeptus-astartes::captain|adeptus-astartes::decimus-kill-team|
adeptus-astartes::captain|adeptus-astartes::desolation-squad|
adeptus-astartes::captain|adeptus-astartes::fortis-kill-team|
adeptus-astartes::captain|adeptus-astartes::hellblaster-squad|
adeptus-astartes::captain|adeptus-astartes::infernus-squad|
adeptus-astartes::captain|adeptus-astartes::inner-circle-companions|
adeptus-astartes::captain|adeptus-astartes::intercessor-squad|
adeptus-astartes::captain|adeptus-astartes::sternguard-veteran-squad|
adeptus-astartes::captain|adeptus-astartes::sword-brethren-squad|
adeptus-astartes::captain|adeptus-astartes::tactical-squad|
adeptus-astartes::captain|adeptus-astartes::victrix-honour-guard|
adeptus-astartes::captain-in-gravis-armour|adeptus-astartes::aggressor-squad|
adeptus-astartes::captain-in-gravis-armour|adeptus-astartes::eradicator-squad|
adeptus-astartes::captain-in-gravis-armour|adeptus-astartes::heavy-intercessor-squad|
adeptus-astartes::captain-in-gravis-armour|adeptus-astartes::indomitor-kill-team|
adeptus-astartes::captain-in-phobos-armour|adeptus-astartes::eliminator-squad|
adeptus-astartes::captain-in-phobos-armour|adeptus-astartes::incursor-squad|
adeptus-astartes::captain-in-phobos-armour|adeptus-astartes::infiltrator-squad|
adeptus-astartes::captain-in-phobos-armour|adeptus-astartes::reiver-squad|
adeptus-astartes::captain-in-phobos-armour|adeptus-astartes::scout-squad|
adeptus-astartes::captain-in-phobos-armour|adeptus-astartes::spectrus-kill-team|
adeptus-astartes::captain-in-terminator-armour|adeptus-astartes::deathwatch-terminator-squad|
adeptus-astartes::captain-in-terminator-armour|adeptus-astartes::deathwing-knights|
adeptus-astartes::captain-in-terminator-armour|adeptus-astartes::deathwing-terminator-squad|
adeptus-astartes::captain-in-terminator-armour|adeptus-astartes::terminator-assault-squad|
adeptus-astartes::captain-in-terminator-armour|adeptus-astartes::terminator-squad|
adeptus-astartes::captain-titus|adeptus-astartes::assault-intercessor-squad|
adeptus-astartes::captain-titus|adeptus-astartes::bladeguard-veteran-squad|
adeptus-astartes::captain-titus|adeptus-astartes::company-heroes|
adeptus-astartes::captain-titus|adeptus-astartes::hellblaster-squad|
adeptus-astartes::captain-titus|adeptus-astartes::infernus-squad|
adeptus-astartes::captain-titus|adeptus-astartes::intercessor-squad|
adeptus-astartes::captain-titus|adeptus-astartes::sternguard-veteran-squad|
adeptus-astartes::captain-titus|adeptus-astartes::victrix-honour-guard|
adeptus-astartes::captain-titus|adeptus-astartes::wardens-of-ultramar|
adeptus-astartes::captain-with-jump-pack|adeptus-astartes::assault-intercessors-with-jump-packs|
adeptus-astartes::captain-with-jump-pack|adeptus-astartes::sanguinary-guard|
adeptus-astartes::captain-with-jump-pack|adeptus-astartes::talonstrike-kill-team|
adeptus-astartes::captain-with-jump-pack|adeptus-astartes::vanguard-veteran-squad-with-jump-packs|
adeptus-astartes::castellan|adeptus-astartes::assault-intercessor-squad|
adeptus-astartes::castellan|adeptus-astartes::crusader-squad|
adeptus-astartes::castellan|adeptus-astartes::infernus-squad|
adeptus-astartes::castellan|adeptus-astartes::intercessor-squad|
adeptus-astartes::castellan|adeptus-astartes::sternguard-veteran-squad|
adeptus-astartes::castellan|adeptus-astartes::sword-brethren-squad|
adeptus-astartes::cato-sicarius|adeptus-astartes::victrix-honour-guard|
adeptus-astartes::chaplain|adeptus-astartes::assault-intercessor-squad|
adeptus-astartes::chaplain|adeptus-astartes::bladeguard-veteran-squad|
adeptus-astartes::chaplain|adeptus-astartes::crusader-squad|
adeptus-astartes::chaplain|adeptus-astartes::death-company-marines|
adeptus-astartes::chaplain|adeptus-astartes::death-company-marines-with-bolt-rifles|
adeptus-astartes::chaplain|adeptus-astartes::deathwatch-veterans|
adeptus-astartes::chaplain|adeptus-astartes::decimus-kill-team|
adeptus-astartes::chaplain|adeptus-astartes::fortis-kill-team|
adeptus-astartes::chaplain|adeptus-astartes::hellblaster-squad|
adeptus-astartes::chaplain|adeptus-astartes::infernus-squad|
adeptus-astartes::chaplain|adeptus-astartes::inner-circle-companions|
adeptus-astartes::chaplain|adeptus-astartes::intercessor-squad|
adeptus-astartes::chaplain|adeptus-astartes::sternguard-veteran-squad|
adeptus-astartes::chaplain|adeptus-astartes::sword-brethren-squad|
adeptus-astartes::chaplain|adeptus-astartes::tactical-squad|
adeptus-astartes::chaplain-grimaldus|adeptus-astartes::assault-intercessor-squad|
adeptus-astartes::chaplain-grimaldus|adeptus-astartes::crusader-squad|
adeptus-astartes::chaplain-grimaldus|adeptus-astartes::infernus-squad|
adeptus-astartes::chaplain-grimaldus|adeptus-astartes::intercessor-squad|
adeptus-astartes::chaplain-grimaldus|adeptus-astartes::sword-brethren-squad|
adeptus-astartes::chaplain-in-terminator-armour|adeptus-astartes::deathwatch-terminator-squad|
adeptus-astartes::chaplain-in-terminator-armour|adeptus-astartes::deathwing-knights|
adeptus-astartes::chaplain-in-terminator-armour|adeptus-astartes::deathwing-terminator-squad|
adeptus-astartes::chaplain-in-terminator-armour|adeptus-astartes::terminator-assault-squad|
adeptus-astartes::chaplain-in-terminator-armour|adeptus-astartes::terminator-squad|
adeptus-astartes::chaplain-on-bike|adeptus-astartes::outrider-squad|
adeptus-astartes::chaplain-on-bike|adeptus-astartes::ravenwing-black-knights|
adeptus-astartes::chaplain-with-jump-pack|adeptus-astartes::assault-intercessors-with-jump-packs|
adeptus-astartes::chaplain-with-jump-pack|adeptus-astartes::death-company-marines-with-jump-packs|
adeptus-astartes::chaplain-with-jump-pack|adeptus-astartes::talonstrike-kill-team|
adeptus-astartes::chaplain-with-jump-pack|adeptus-astartes::vanguard-veteran-squad-with-jump-packs|
adeptus-astartes::chief-librarian-tigurius|adeptus-astartes::assault-intercessor-squad|
adeptus-astartes::chief-librarian-tigurius|adeptus-astartes::bladeguard-veteran-squad|
adeptus-astartes::chief-librarian-tigurius|adeptus-astartes::desolation-squad|
adeptus-astartes::chief-librarian-tigurius|adeptus-astartes::devastator-squad|
adeptus-astartes::chief-librarian-tigurius|adeptus-astartes::intercessor-squad|
adeptus-astartes::chief-librarian-tigurius|adeptus-astartes::sternguard-veteran-squad|
adeptus-astartes::chief-librarian-tigurius|adeptus-astartes::tactical-squad|
adeptus-astartes::commander-dante|adeptus-astartes::assault-intercessors-with-jump-packs|
adeptus-astartes::commander-dante|adeptus-astartes::sanguinary-guard|
adeptus-astartes::commander-dante|adeptus-astartes::vanguard-veteran-squad-with-jump-packs|
adeptus-astartes::crusade-ancient|adeptus-astartes::crusader-squad|
adeptus-astartes::crusade-ancient|adeptus-astartes::sword-brethren-squad|
adeptus-astartes::darnath-lysander|adeptus-astartes::terminator-assault-squad|
adeptus-astartes::darnath-lysander|adeptus-astartes::terminator-squad|
adeptus-astartes::death-company-captain|adeptus-astartes::death-company-marines|
adeptus-astartes::death-company-captain|adeptus-astartes::death-company-marines-with-bolt-rifles|
adeptus-astartes::death-company-captain-with-jump-pack|adeptus-astartes::death-company-marines-with-jump-packs|
adeptus-astartes::emperors-champion|adeptus-astartes::assault-intercessor-squad|
adeptus-astartes::emperors-champion|adeptus-astartes::crusader-squad|
adeptus-astartes::emperors-champion|adeptus-astartes::intercessor-squad|
adeptus-astartes::emperors-champion|adeptus-astartes::sternguard-veteran-squad|
adeptus-astartes::emperors-champion|adeptus-astartes::sword-brethren-squad|
adeptus-astartes::execrator|adeptus-astartes::crusader-squad|
adeptus-astartes::execrator|adeptus-astartes::sword-brethren-squad|
adeptus-astartes::ezekiel|adeptus-astartes::assault-intercessor-squad|
adeptus-astartes::ezekiel|adeptus-astartes::bladeguard-veteran-squad|
adeptus-astartes::ezekiel|adeptus-astartes::hellblaster-squad|
adeptus-astartes::ezekiel|adeptus-astartes::infernus-squad|
adeptus-astartes::ezekiel|adeptus-astartes::inner-circle-companions|
adeptus-astartes::ezekiel|adeptus-astartes::intercessor-squad|
adeptus-astartes::ezekiel|adeptus-astartes::sternguard-veteran-squad|
adeptus-astartes::ezekiel|adeptus-astartes::tactical-squad|
adeptus-astartes::high-marshal-helbrecht|adeptus-astartes::assault-intercessor-squad|
adeptus-astartes::high-marshal-helbrecht|adeptus-astartes::crusader-squad|
adeptus-astartes::high-marshal-helbrecht|adeptus-astartes::intercessor-squad|
adeptus-astartes::high-marshal-helbrecht|adeptus-astartes::sword-brethren-squad|
adeptus-astartes::iron-father-feirros|adeptus-astartes::aggressor-squad|
adeptus-astartes::iron-father-feirros|adeptus-astartes::eradicator-squad|
adeptus-astartes::iron-father-feirros|adeptus-astartes::heavy-intercessor-squad|
adeptus-astartes::iron-priest|adeptus-astartes::blood-claws|
adeptus-astartes::iron-priest|adeptus-astartes::grey-hunters|
adeptus-astartes::iron-priest|adeptus-astartes::wolf-guard-headtakers|
adeptus-astartes::judiciar|adeptus-astartes::assault-intercessor-squad|
adeptus-astartes::judiciar|adeptus-astartes::bladeguard-veteran-squad|
adeptus-astartes::judiciar|adeptus-astartes::crusader-squad|
adeptus-astartes::judiciar|adeptus-astartes::deathwatch-veterans|
adeptus-astartes::judiciar|adeptus-astartes::decimus-kill-team|
adeptus-astartes::judiciar|adeptus-astartes::fortis-kill-team|
adeptus-astartes::judiciar|adeptus-astartes::infernus-squad|
adeptus-astartes::judiciar|adeptus-astartes::inner-circle-companions|
adeptus-astartes::judiciar|adeptus-astartes::intercessor-squad|
adeptus-astartes::judiciar|adeptus-astartes::sternguard-veteran-squad|
adeptus-astartes::judiciar|adeptus-astartes::sword-brethren-squad|
adeptus-astartes::judiciar|adeptus-astartes::tactical-squad|
adeptus-astartes::kayvaan-shrike|adeptus-astartes::assault-intercessors-with-jump-packs|
adeptus-astartes::kayvaan-shrike|adeptus-astartes::vanguard-veteran-squad-with-jump-packs|
adeptus-astartes::korsarro-khan|adeptus-astartes::assault-intercessor-squad|
adeptus-astartes::korsarro-khan|adeptus-astartes::bladeguard-veteran-squad|
adeptus-astartes::korsarro-khan|adeptus-astartes::company-heroes|
adeptus-astartes::korsarro-khan|adeptus-astartes::intercessor-squad|
adeptus-astartes::korsarro-khan|adeptus-astartes::sternguard-veteran-squad|
adeptus-astartes::korsarro-khan|adeptus-astartes::tactical-squad|
adeptus-astartes::lazarus|adeptus-astartes::assault-intercessor-squad|
adeptus-astartes::lazarus|adeptus-astartes::bladeguard-veteran-squad|
adeptus-astartes::lazarus|adeptus-astartes::infernus-squad|
adeptus-astartes::lazarus|adeptus-astartes::inner-circle-companions|
adeptus-astartes::lazarus|adeptus-astartes::intercessor-squad|
adeptus-astartes::lazarus|adeptus-astartes::sternguard-veteran-squad|
adeptus-astartes::lazarus|adeptus-astartes::tactical-squad|
adeptus-astartes::lemartes|adeptus-astartes::death-company-marines-with-jump-packs|
adeptus-astartes::librarian|adeptus-astartes::assault-intercessor-squad|
adeptus-astartes::librarian|adeptus-astartes::deathwatch-veterans|
adeptus-astartes::librarian|adeptus-astartes::decimus-kill-team|
adeptus-astartes::librarian|adeptus-astartes::desolation-squad|
adeptus-astartes::librarian|adeptus-astartes::devastator-squad|
adeptus-astartes::librarian|adeptus-astartes::fortis-kill-team|
adeptus-astartes::librarian|adeptus-astartes::hellblaster-squad|
adeptus-astartes::librarian|adeptus-astartes::infernus-squad|
adeptus-astartes::librarian|adeptus-astartes::inner-circle-companions|
adeptus-astartes::librarian|adeptus-astartes::intercessor-squad|
adeptus-astartes::librarian|adeptus-astartes::sternguard-veteran-squad|
adeptus-astartes::librarian|adeptus-astartes::tactical-squad|
adeptus-astartes::librarian-in-phobos-armour|adeptus-astartes::eliminator-squad|
adeptus-astartes::librarian-in-phobos-armour|adeptus-astartes::incursor-squad|
adeptus-astartes::librarian-in-phobos-armour|adeptus-astartes::infiltrator-squad|
adeptus-astartes::librarian-in-phobos-armour|adeptus-astartes::reiver-squad|
adeptus-astartes::librarian-in-phobos-armour|adeptus-astartes::scout-squad|
adeptus-astartes::librarian-in-phobos-armour|adeptus-astartes::spectrus-kill-team|
adeptus-astartes::librarian-in-terminator-armour|adeptus-astartes::deathwatch-terminator-squad|
adeptus-astartes::librarian-in-terminator-armour|adeptus-astartes::deathwing-knights|
adeptus-astartes::librarian-in-terminator-armour|adeptus-astartes::deathwing-terminator-squad|
adeptus-astartes::librarian-in-terminator-armour|adeptus-astartes::terminator-assault-squad|
adeptus-astartes::librarian-in-terminator-armour|adeptus-astartes::terminator-squad|
adeptus-astartes::lieutenant|adeptus-astartes::assault-intercessor-squad|
adeptus-astartes::lieutenant|adeptus-astartes::bladeguard-veteran-squad|
adeptus-astartes::lieutenant|adeptus-astartes::company-heroes|
adeptus-astartes::lieutenant|adeptus-astartes::crusader-squad|
adeptus-astartes::lieutenant|adeptus-astartes::deathwatch-veterans|
adeptus-astartes::lieutenant|adeptus-astartes::decimus-kill-team|
adeptus-astartes::lieutenant|adeptus-astartes::desolation-squad|
adeptus-astartes::lieutenant|adeptus-astartes::fortis-kill-team|
adeptus-astartes::lieutenant|adeptus-astartes::hellblaster-squad|
adeptus-astartes::lieutenant|adeptus-astartes::infernus-squad|
adeptus-astartes::lieutenant|adeptus-astartes::inner-circle-companions|
adeptus-astartes::lieutenant|adeptus-astartes::intercessor-squad|
adeptus-astartes::lieutenant|adeptus-astartes::sternguard-veteran-squad|
adeptus-astartes::lieutenant|adeptus-astartes::sword-brethren-squad|
adeptus-astartes::lieutenant|adeptus-astartes::tactical-squad|
adeptus-astartes::lieutenant-in-phobos-armour|adeptus-astartes::incursor-squad|
adeptus-astartes::lieutenant-in-phobos-armour|adeptus-astartes::infiltrator-squad|
adeptus-astartes::lieutenant-in-phobos-armour|adeptus-astartes::reiver-squad|
adeptus-astartes::lieutenant-in-phobos-armour|adeptus-astartes::spectrus-kill-team|
adeptus-astartes::lieutenant-in-reiver-armour|adeptus-astartes::reiver-squad|
adeptus-astartes::logan-grimnar|adeptus-astartes::wolf-guard-terminators|
adeptus-astartes::marneus-calgar-in-armour-of-antilochus|adeptus-astartes::aggressor-squad|
adeptus-astartes::marneus-calgar-in-armour-of-antilochus|adeptus-astartes::assault-intercessor-squad|
adeptus-astartes::marneus-calgar-in-armour-of-antilochus|adeptus-astartes::bladeguard-veteran-squad|
adeptus-astartes::marneus-calgar-in-armour-of-antilochus|adeptus-astartes::company-heroes|
adeptus-astartes::marneus-calgar-in-armour-of-antilochus|adeptus-astartes::eradicator-squad|
adeptus-astartes::marneus-calgar-in-armour-of-antilochus|adeptus-astartes::heavy-intercessor-squad|
adeptus-astartes::marneus-calgar-in-armour-of-antilochus|adeptus-astartes::infernus-squad|
adeptus-astartes::marneus-calgar-in-armour-of-antilochus|adeptus-astartes::intercessor-squad|
adeptus-astartes::marneus-calgar-in-armour-of-antilochus|adeptus-astartes::sternguard-veteran-squad|
adeptus-astartes::marneus-calgar-in-armour-of-antilochus|adeptus-astartes::tactical-squad|
adeptus-astartes::marneus-calgar-in-armour-of-antilochus|adeptus-astartes::terminator-assault-squad|
adeptus-astartes::marneus-calgar-in-armour-of-antilochus|adeptus-astartes::terminator-squad|
adeptus-astartes::marneus-calgar-in-armour-of-antilochus|adeptus-astartes::victrix-honour-guard|
adeptus-astartes::marshal|adeptus-astartes::assault-intercessor-squad|
adeptus-astartes::marshal|adeptus-astartes::crusader-squad|
adeptus-astartes::marshal|adeptus-astartes::infernus-squad|
adeptus-astartes::marshal|adeptus-astartes::intercessor-squad|
adeptus-astartes::marshal|adeptus-astartes::sternguard-veteran-squad|
adeptus-astartes::marshal|adeptus-astartes::sword-brethren-squad|
adeptus-astartes::njal-stormcaller|adeptus-astartes::blood-claws|
adeptus-astartes::njal-stormcaller|adeptus-astartes::grey-hunters|
adeptus-astartes::njal-stormcaller|adeptus-astartes::wolf-guard-headtakers|
adeptus-astartes::pedro-kantor|adeptus-astartes::bladeguard-veteran-squad|
adeptus-astartes::pedro-kantor|adeptus-astartes::company-heroes|
adeptus-astartes::pedro-kantor|adeptus-astartes::sternguard-veteran-squad|
adeptus-astartes::pedro-kantor|adeptus-astartes::tactical-squad|
adeptus-astartes::ragnar-blackmane|adeptus-astartes::blood-claws|
adeptus-astartes::ragnar-blackmane|adeptus-astartes::wolf-guard-headtakers|
adeptus-astartes::ravenwing-command-squad|adeptus-astartes::outrider-squad|
adeptus-astartes::ravenwing-command-squad|adeptus-astartes::ravenwing-black-knights|
adeptus-astartes::sammael|adeptus-astartes::outrider-squad|
adeptus-astartes::sammael|adeptus-astartes::ravenwing-black-knights|
adeptus-astartes::sanguinary-priest|adeptus-astartes::assault-intercessor-squad|
adeptus-astartes::sanguinary-priest|adeptus-astartes::bladeguard-veteran-squad|
adeptus-astartes::sanguinary-priest|adeptus-astartes::desolation-squad|
adeptus-astartes::sanguinary-priest|adeptus-astartes::devastator-squad|
adeptus-astartes::sanguinary-priest|adeptus-astartes::hellblaster-squad|
adeptus-astartes::sanguinary-priest|adeptus-astartes::infernus-squad|
adeptus-astartes::sanguinary-priest|adeptus-astartes::intercessor-squad|
adeptus-astartes::sanguinary-priest|adeptus-astartes::sternguard-veteran-squad|
adeptus-astartes::sanguinary-priest|adeptus-astartes::tactical-squad|
adeptus-astartes::suboden-khan|adeptus-astartes::outrider-squad|
adeptus-astartes::techmarine|adeptus-astartes::assault-intercessor-squad|
adeptus-astartes::techmarine|adeptus-astartes::crusader-squad|
adeptus-astartes::techmarine|adeptus-astartes::decimus-kill-team|
adeptus-astartes::techmarine|adeptus-astartes::desolation-squad|
adeptus-astartes::techmarine|adeptus-astartes::devastator-squad|
adeptus-astartes::techmarine|adeptus-astartes::fortis-kill-team|
adeptus-astartes::techmarine|adeptus-astartes::intercessor-squad|
adeptus-astartes::techmarine|adeptus-astartes::sword-brethren-squad|
adeptus-astartes::techmarine|adeptus-astartes::tactical-squad|
adeptus-astartes::tor-garadon|adeptus-astartes::aggressor-squad|
adeptus-astartes::tor-garadon|adeptus-astartes::eradicator-squad|
adeptus-astartes::tor-garadon|adeptus-astartes::heavy-intercessor-squad|
adeptus-astartes::ulrik-the-slayer|adeptus-astartes::blood-claws|
adeptus-astartes::ulrik-the-slayer|adeptus-astartes::grey-hunters|
adeptus-astartes::ulrik-the-slayer|adeptus-astartes::wolf-guard-headtakers|
adeptus-astartes::uriel-ventris|adeptus-astartes::assault-intercessor-squad|
adeptus-astartes::uriel-ventris|adeptus-astartes::bladeguard-veteran-squad|
adeptus-astartes::uriel-ventris|adeptus-astartes::company-heroes|
adeptus-astartes::uriel-ventris|adeptus-astartes::intercessor-squad|
adeptus-astartes::uriel-ventris|adeptus-astartes::sternguard-veteran-squad|
adeptus-astartes::uriel-ventris|adeptus-astartes::tactical-squad|
adeptus-astartes::vulkan-hestan|adeptus-astartes::assault-intercessor-squad|
adeptus-astartes::vulkan-hestan|adeptus-astartes::company-heroes|
adeptus-astartes::vulkan-hestan|adeptus-astartes::infernus-squad|
adeptus-astartes::vulkan-hestan|adeptus-astartes::tactical-squad|
adeptus-astartes::wardens-of-ultramar|adeptus-astartes::assault-intercessor-squad|
adeptus-astartes::wardens-of-ultramar|adeptus-astartes::bladeguard-veteran-squad|
adeptus-astartes::wardens-of-ultramar|adeptus-astartes::intercessor-squad|
adeptus-astartes::wardens-of-ultramar|adeptus-astartes::sternguard-veteran-squad|
adeptus-astartes::watch-captain-artemis|adeptus-astartes::deathwatch-veterans|
adeptus-astartes::watch-captain-artemis|adeptus-astartes::decimus-kill-team|
adeptus-astartes::watch-captain-artemis|adeptus-astartes::fortis-kill-team|
adeptus-astartes::watch-master|adeptus-astartes::deathwatch-veterans|
adeptus-astartes::watch-master|adeptus-astartes::decimus-kill-team|
adeptus-astartes::watch-master|adeptus-astartes::fortis-kill-team|
adeptus-astartes::wolf-guard-battle-leader|adeptus-astartes::blood-claws|
adeptus-astartes::wolf-guard-battle-leader|adeptus-astartes::grey-hunters|
adeptus-astartes::wolf-guard-battle-leader|adeptus-astartes::wolf-guard-headtakers|
adeptus-astartes::wolf-priest|adeptus-astartes::blood-claws|
adeptus-astartes::wolf-priest|adeptus-astartes::grey-hunters|
adeptus-astartes::wolf-priest|adeptus-astartes::wolf-guard-headtakers|
adeptus-custodes::aleya|adeptus-custodes::prosecutors|
adeptus-custodes::aleya|adeptus-custodes::vigilators|
adeptus-custodes::aleya|adeptus-custodes::witchseekers|
adeptus-custodes::blade-champion|adeptus-custodes::custodian-guard|
adeptus-custodes::blade-champion|adeptus-custodes::custodian-guard-with-adrasite-and-pyrithite-spears|
adeptus-custodes::blade-champion|adeptus-custodes::custodian-wardens|
adeptus-custodes::blade-champion|adeptus-custodes::sagittarum-custodians|
adeptus-custodes::knight-centura|adeptus-custodes::prosecutors|
adeptus-custodes::knight-centura|adeptus-custodes::vigilators|
adeptus-custodes::knight-centura|adeptus-custodes::witchseekers|
adeptus-custodes::shield-captain|adeptus-custodes::custodian-guard|
adeptus-custodes::shield-captain|adeptus-custodes::custodian-guard-with-adrasite-and-pyrithite-spears|
adeptus-custodes::shield-captain|adeptus-custodes::custodian-wardens|
adeptus-custodes::shield-captain|adeptus-custodes::sagittarum-custodians|
adeptus-custodes::shield-captain-in-allarus-terminator-armour|adeptus-custodes::allarus-custodians|
adeptus-custodes::shield-captain-in-allarus-terminator-armour|adeptus-custodes::aquilon-custodians|
adeptus-custodes::shield-captain-on-dawneagle-jetbike|adeptus-custodes::agamatus-custodians|
adeptus-custodes::shield-captain-on-dawneagle-jetbike|adeptus-custodes::vertus-praetors|
adeptus-custodes::trajann-valoris|adeptus-custodes::custodian-guard|
adeptus-custodes::trajann-valoris|adeptus-custodes::custodian-guard-with-adrasite-and-pyrithite-spears|
adeptus-custodes::trajann-valoris|adeptus-custodes::custodian-wardens|
adeptus-custodes::trajann-valoris|adeptus-custodes::sagittarum-custodians|
adeptus-custodes::valerian|adeptus-custodes::custodian-guard|
adeptus-custodes::valerian|adeptus-custodes::custodian-guard-with-adrasite-and-pyrithite-spears|
adeptus-custodes::valerian|adeptus-custodes::custodian-wardens|
adeptus-custodes::valerian|adeptus-custodes::sagittarum-custodians|
adeptus-mechanicus::cybernetica-datasmith|adeptus-mechanicus::kastelan-robots|
adeptus-mechanicus::skitarii-marshal|adeptus-mechanicus::skitarii-rangers|
adeptus-mechanicus::skitarii-marshal|adeptus-mechanicus::skitarii-vanguard|
adeptus-mechanicus::tech-priest-dominus|adeptus-mechanicus::corpuscarii-electro-priests|
adeptus-mechanicus::tech-priest-dominus|adeptus-mechanicus::fulgurite-electro-priests|
adeptus-mechanicus::tech-priest-dominus|adeptus-mechanicus::kataphron-breachers|
adeptus-mechanicus::tech-priest-dominus|adeptus-mechanicus::kataphron-destroyers|
adeptus-mechanicus::tech-priest-dominus|adeptus-mechanicus::servitor-battleclade|
adeptus-mechanicus::tech-priest-dominus|adeptus-mechanicus::skitarii-rangers|
adeptus-mechanicus::tech-priest-dominus|adeptus-mechanicus::skitarii-vanguard|
adeptus-mechanicus::tech-priest-enginseer|adeptus-mechanicus::corpuscarii-electro-priests|
adeptus-mechanicus::tech-priest-enginseer|adeptus-mechanicus::fulgurite-electro-priests|
adeptus-mechanicus::tech-priest-enginseer|adeptus-mechanicus::kataphron-breachers|
adeptus-mechanicus::tech-priest-enginseer|adeptus-mechanicus::kataphron-destroyers|
adeptus-mechanicus::tech-priest-enginseer|adeptus-mechanicus::servitor-battleclade|
adeptus-mechanicus::tech-priest-enginseer|adeptus-mechanicus::skitarii-rangers|
adeptus-mechanicus::tech-priest-enginseer|adeptus-mechanicus::skitarii-vanguard|
adeptus-mechanicus::tech-priest-manipulus|adeptus-mechanicus::corpuscarii-electro-priests|
adeptus-mechanicus::tech-priest-manipulus|adeptus-mechanicus::fulgurite-electro-priests|
adeptus-mechanicus::tech-priest-manipulus|adeptus-mechanicus::kataphron-breachers|
adeptus-mechanicus::tech-priest-manipulus|adeptus-mechanicus::kataphron-destroyers|
adeptus-mechanicus::tech-priest-manipulus|adeptus-mechanicus::servitor-battleclade|
adeptus-mechanicus::tech-priest-manipulus|adeptus-mechanicus::skitarii-rangers|
adeptus-mechanicus::tech-priest-manipulus|adeptus-mechanicus::skitarii-vanguard|
adeptus-mechanicus::technoarcheologist|adeptus-mechanicus::corpuscarii-electro-priests|
adeptus-mechanicus::technoarcheologist|adeptus-mechanicus::fulgurite-electro-priests|
adeptus-mechanicus::technoarcheologist|adeptus-mechanicus::kataphron-breachers|
adeptus-mechanicus::technoarcheologist|adeptus-mechanicus::kataphron-destroyers|
adeptus-mechanicus::technoarcheologist|adeptus-mechanicus::servitor-battleclade|
adeptus-mechanicus::technoarcheologist|adeptus-mechanicus::skitarii-rangers|
adeptus-mechanicus::technoarcheologist|adeptus-mechanicus::skitarii-vanguard|
aeldari::asurmen|aeldari::dire-avengers|
aeldari::autarch|aeldari::dark-reapers|
aeldari::autarch|aeldari::dire-avengers|
aeldari::autarch|aeldari::fire-dragons|
aeldari::autarch|aeldari::guardian-defenders|
aeldari::autarch|aeldari::howling-banshees|
aeldari::autarch|aeldari::storm-guardians|
aeldari::autarch|aeldari::striking-scorpions|
aeldari::autarch-wayleaper|aeldari::swooping-hawks|
aeldari::autarch-wayleaper|aeldari::warp-spiders|
aeldari::baharroth|aeldari::swooping-hawks|
aeldari::eldrad-ulthran|aeldari::guardian-defenders|
aeldari::eldrad-ulthran|aeldari::storm-guardians|
aeldari::eldrad-ulthran|aeldari::warlock-conclave|
aeldari::farseer|aeldari::guardian-defenders|
aeldari::farseer|aeldari::storm-guardians|
aeldari::farseer|aeldari::warlock-conclave|
aeldari::farseer-skyrunner|aeldari::warlock-skyrunners|
aeldari::farseer-skyrunner|aeldari::windriders|
aeldari::fuegan|aeldari::fire-dragons|
aeldari::jain-zar|aeldari::howling-banshees|
aeldari::kharseth|aeldari::corsair-voidreavers|
aeldari::kharseth|aeldari::corsair-voidscarred|
aeldari::lhykhis|aeldari::warp-spiders|
aeldari::maugan-ra|aeldari::dark-reapers|
aeldari::prince-yriel|aeldari::corsair-voidreavers|
aeldari::prince-yriel|aeldari::corsair-voidscarred|
aeldari::shadowseer|aeldari::troupe|
aeldari::the-visarch|aeldari::corsair-voidreavers|
aeldari::the-visarch|aeldari::corsair-voidscarred|
aeldari::the-visarch|aeldari::guardian-defenders|
aeldari::the-visarch|aeldari::storm-guardians|
aeldari::the-visarch|aeldari::ynnari-incubi|
aeldari::the-visarch|aeldari::ynnari-kabalite-warriors|
aeldari::the-visarch|aeldari::ynnari-wyches|
aeldari::troupe-master|aeldari::troupe|
aeldari::warlock|aeldari::guardian-defenders|
aeldari::warlock|aeldari::storm-guardians|
aeldari::warlock-conclave|aeldari::guardian-defenders|
aeldari::warlock-conclave|aeldari::storm-guardians|
aeldari::warlock-skyrunners|aeldari::windriders|
aeldari::ynnari-archon|aeldari::ynnari-incubi|
aeldari::ynnari-archon|aeldari::ynnari-kabalite-warriors|
aeldari::ynnari-succubus|aeldari::ynnari-wyches|
aeldari::yvraine|aeldari::corsair-voidreavers|
aeldari::yvraine|aeldari::corsair-voidscarred|
aeldari::yvraine|aeldari::guardian-defenders|
aeldari::yvraine|aeldari::storm-guardians|
aeldari::yvraine|aeldari::ynnari-incubi|
aeldari::yvraine|aeldari::ynnari-kabalite-warriors|
aeldari::yvraine|aeldari::ynnari-wyches|
agents-of-the-imperium::inquisitor|agents-of-the-imperium::aquila-kill-team|
agents-of-the-imperium::inquisitor|agents-of-the-imperium::exaction-squad|
agents-of-the-imperium::inquisitor|agents-of-the-imperium::grey-knights-terminator-squad|
agents-of-the-imperium::inquisitor|agents-of-the-imperium::imperial-navy-breachers|
agents-of-the-imperium::inquisitor|agents-of-the-imperium::inquisitorial-agents|
agents-of-the-imperium::inquisitor|agents-of-the-imperium::sanctifiers|
agents-of-the-imperium::inquisitor|agents-of-the-imperium::sisters-of-battle-squad|
agents-of-the-imperium::inquisitor|agents-of-the-imperium::subductor-squad|
agents-of-the-imperium::inquisitor|agents-of-the-imperium::vigilant-squad|
agents-of-the-imperium::inquisitor-coteaz|agents-of-the-imperium::exaction-squad|
agents-of-the-imperium::inquisitor-coteaz|agents-of-the-imperium::grey-knights-terminator-squad|
agents-of-the-imperium::inquisitor-coteaz|agents-of-the-imperium::imperial-navy-breachers|
agents-of-the-imperium::inquisitor-coteaz|agents-of-the-imperium::inquisitorial-agents|
agents-of-the-imperium::inquisitor-coteaz|agents-of-the-imperium::subductor-squad|
agents-of-the-imperium::inquisitor-coteaz|agents-of-the-imperium::vigilant-squad|
agents-of-the-imperium::inquisitor-draxus|agents-of-the-imperium::aquila-kill-team|
agents-of-the-imperium::inquisitor-draxus|agents-of-the-imperium::exaction-squad|
agents-of-the-imperium::inquisitor-draxus|agents-of-the-imperium::imperial-navy-breachers|
agents-of-the-imperium::inquisitor-draxus|agents-of-the-imperium::inquisitorial-agents|
agents-of-the-imperium::inquisitor-draxus|agents-of-the-imperium::subductor-squad|
agents-of-the-imperium::inquisitor-draxus|agents-of-the-imperium::vigilant-squad|
agents-of-the-imperium::inquisitor-greyfax|agents-of-the-imperium::exaction-squad|
agents-of-the-imperium::inquisitor-greyfax|agents-of-the-imperium::imperial-navy-breachers|
agents-of-the-imperium::inquisitor-greyfax|agents-of-the-imperium::inquisitorial-agents|
agents-of-the-imperium::inquisitor-greyfax|agents-of-the-imperium::sanctifiers|
agents-of-the-imperium::inquisitor-greyfax|agents-of-the-imperium::sisters-of-battle-squad|
agents-of-the-imperium::inquisitor-greyfax|agents-of-the-imperium::subductor-squad|
agents-of-the-imperium::inquisitor-greyfax|agents-of-the-imperium::vigilant-squad|
adepta-sororitas::ministorum-priest|adepta-sororitas::sanctifiers|
agents-of-the-imperium::ministorum-priest|agents-of-the-imperium::exaction-squad|
agents-of-the-imperium::ministorum-priest|agents-of-the-imperium::imperial-navy-breachers|
agents-of-the-imperium::ministorum-priest|agents-of-the-imperium::inquisitorial-agents|
agents-of-the-imperium::ministorum-priest|agents-of-the-imperium::sanctifiers|
agents-of-the-imperium::ministorum-priest|agents-of-the-imperium::sisters-of-battle-squad|
agents-of-the-imperium::ministorum-priest|agents-of-the-imperium::subductor-squad|
agents-of-the-imperium::ministorum-priest|agents-of-the-imperium::vigilant-squad|
agents-of-the-imperium::navigator|agents-of-the-imperium::imperial-navy-breachers|
agents-of-the-imperium::navigator|agents-of-the-imperium::voidsmen-at-arms|
agents-of-the-imperium::rogue-trader-entourage|agents-of-the-imperium::imperial-navy-breachers|
agents-of-the-imperium::rogue-trader-entourage|agents-of-the-imperium::voidsmen-at-arms|
agents-of-the-imperium::watch-captain-artemis|agents-of-the-imperium::aquila-kill-team|
agents-of-the-imperium::watch-captain-artemis|agents-of-the-imperium::deathwatch-kill-team|
agents-of-the-imperium::watch-master|agents-of-the-imperium::aquila-kill-team|
agents-of-the-imperium::watch-master|agents-of-the-imperium::deathwatch-kill-team|
astra-militarum::cadian-castellan|astra-militarum::cadian-shock-troops|
astra-militarum::cadian-castellan|astra-militarum::kasrkin|
astra-militarum::cadian-command-squad|astra-militarum::cadian-shock-troops|
astra-militarum::catachan-command-squad|astra-militarum::catachan-jungle-fighters|
astra-militarum::commissar|astra-militarum::cadian-shock-troops|
astra-militarum::commissar|astra-militarum::catachan-jungle-fighters|
astra-militarum::commissar|astra-militarum::death-korps-of-krieg|
astra-militarum::commissar|astra-militarum::kasrkin|
astra-militarum::commissar|astra-militarum::krieg-combat-engineers|
astra-militarum::commissar|astra-militarum::tempestus-scions|
astra-militarum::krieg-command-squad|astra-militarum::death-korps-of-krieg|
astra-militarum::krieg-command-squad|astra-militarum::krieg-combat-engineers|
astra-militarum::lord-marshal-dreir|astra-militarum::death-riders|
astra-militarum::lord-solar-leontus|astra-militarum::attilan-rough-riders|
astra-militarum::lord-solar-leontus|astra-militarum::cadian-shock-troops|
astra-militarum::lord-solar-leontus|astra-militarum::catachan-jungle-fighters|
astra-militarum::lord-solar-leontus|astra-militarum::death-korps-of-krieg|
astra-militarum::lord-solar-leontus|astra-militarum::death-riders|
astra-militarum::lord-solar-leontus|astra-militarum::kasrkin|
astra-militarum::lord-solar-leontus|astra-militarum::krieg-combat-engineers|
astra-militarum::militarum-tempestus-command-squad|astra-militarum::tempestus-scions|
astra-militarum::ministorum-priest|astra-militarum::cadian-shock-troops|
astra-militarum::ministorum-priest|astra-militarum::catachan-jungle-fighters|
astra-militarum::ministorum-priest|astra-militarum::death-korps-of-krieg|
astra-militarum::ministorum-priest|astra-militarum::kasrkin|
astra-militarum::ministorum-priest|astra-militarum::krieg-combat-engineers|
astra-militarum::ministorum-priest|astra-militarum::tempestus-scions|
astra-militarum::primaris-psyker|astra-militarum::cadian-shock-troops|
astra-militarum::primaris-psyker|astra-militarum::catachan-jungle-fighters|
astra-militarum::primaris-psyker|astra-militarum::death-korps-of-krieg|
astra-militarum::primaris-psyker|astra-militarum::kasrkin|
astra-militarum::primaris-psyker|astra-militarum::krieg-combat-engineers|
astra-militarum::primaris-psyker|astra-militarum::tempestus-scions|
astra-militarum::tech-priest-enginseer|astra-militarum::cadian-shock-troops|
astra-militarum::tech-priest-enginseer|astra-militarum::catachan-jungle-fighters|
astra-militarum::tech-priest-enginseer|astra-militarum::death-korps-of-krieg|
astra-militarum::tech-priest-enginseer|astra-militarum::kasrkin|
astra-militarum::tech-priest-enginseer|astra-militarum::krieg-combat-engineers|
astra-militarum::ursula-creed|astra-militarum::cadian-shock-troops|
astra-militarum::ursula-creed|astra-militarum::kasrkin|
chaos-daemons::bloodmaster|chaos-daemons::bloodletters|
chaos-daemons::changecaster|chaos-daemons::blue-horrors|
chaos-daemons::changecaster|chaos-daemons::pink-horrors|
chaos-daemons::contorted-epitome|chaos-daemons::daemonettes|
chaos-daemons::epidemius|chaos-daemons::plaguebearers|
chaos-daemons::exalted-flamer|chaos-daemons::flamers|
chaos-daemons::fateskimmer|chaos-daemons::screamers|
chaos-daemons::fluxmaster|chaos-daemons::blue-horrors|
chaos-daemons::fluxmaster|chaos-daemons::pink-horrors|
chaos-daemons::horticulous-slimux|chaos-daemons::beasts-of-nurgle|
chaos-daemons::infernal-enrapturess|chaos-daemons::daemonettes|
chaos-daemons::karanak|chaos-daemons::flesh-hounds|
chaos-daemons::poxbringer|chaos-daemons::plaguebearers|
chaos-daemons::skullmaster|chaos-daemons::bloodcrushers|
chaos-daemons::skulltaker|chaos-daemons::bloodletters|
chaos-daemons::sloppity-bilepiper|chaos-daemons::plaguebearers|
chaos-daemons::spoilpox-scrivener|chaos-daemons::plaguebearers|
chaos-daemons::syllesske|chaos-daemons::daemonettes|
chaos-daemons::tormentbringer|chaos-daemons::hellflayers|
chaos-daemons::tranceweaver|chaos-daemons::daemonettes|
chaos-space-marines::abaddon-the-despoiler|chaos-space-marines::chaos-terminator-squad|
chaos-space-marines::abaddon-the-despoiler|chaos-space-marines::chosen|
chaos-space-marines::chaos-lord|chaos-space-marines::chosen|
chaos-space-marines::chaos-lord|chaos-space-marines::legionaries|
chaos-space-marines::chaos-lord|chaos-space-marines::nemesis-claw|
chaos-space-marines::chaos-lord|chaos-space-marines::red-corsairs-raiders|
chaos-space-marines::chaos-lord-in-terminator-armour|chaos-space-marines::chaos-terminator-squad|
chaos-space-marines::chaos-lord-with-jump-pack|chaos-space-marines::raptors|
chaos-space-marines::cultist-firebrand|chaos-space-marines::accursed-cultists|
chaos-space-marines::cultist-firebrand|chaos-space-marines::cultist-mob|
chaos-space-marines::dark-apostle|chaos-space-marines::accursed-cultists|
chaos-space-marines::dark-apostle|chaos-space-marines::chosen|
chaos-space-marines::dark-apostle|chaos-space-marines::cultist-mob|
chaos-space-marines::dark-apostle|chaos-space-marines::legionaries|
chaos-space-marines::dark-apostle|chaos-space-marines::nemesis-claw|
chaos-space-marines::dark-apostle|chaos-space-marines::red-corsairs-raiders|
chaos-space-marines::dark-commune|chaos-space-marines::accursed-cultists|
chaos-space-marines::dark-commune|chaos-space-marines::cultist-mob|
chaos-space-marines::fabius-bile|chaos-space-marines::accursed-cultists|
chaos-space-marines::fabius-bile|chaos-space-marines::chosen|
chaos-space-marines::fabius-bile|chaos-space-marines::cultist-mob|
chaos-space-marines::fabius-bile|chaos-space-marines::legionaries|
chaos-space-marines::fabius-bile|chaos-space-marines::red-corsairs-raiders|
chaos-space-marines::haarken-worldclaimer|chaos-space-marines::raptors|
chaos-space-marines::huron-blackheart|chaos-space-marines::chaos-terminator-squad|
chaos-space-marines::huron-blackheart|chaos-space-marines::chosen|
chaos-space-marines::huron-blackheart|chaos-space-marines::legionaries|
chaos-space-marines::huron-blackheart|chaos-space-marines::masters-of-the-maelstrom|
chaos-space-marines::huron-blackheart|chaos-space-marines::red-corsairs-raiders|
chaos-space-marines::master-of-executions|chaos-space-marines::chosen|
chaos-space-marines::master-of-executions|chaos-space-marines::legionaries|
chaos-space-marines::master-of-executions|chaos-space-marines::nemesis-claw|
chaos-space-marines::master-of-executions|chaos-space-marines::red-corsairs-raiders|
chaos-space-marines::master-of-possession|chaos-space-marines::chosen|
chaos-space-marines::master-of-possession|chaos-space-marines::legionaries|
chaos-space-marines::master-of-possession|chaos-space-marines::nemesis-claw|
chaos-space-marines::master-of-possession|chaos-space-marines::possessed|
chaos-space-marines::master-of-possession|chaos-space-marines::red-corsairs-raiders|
chaos-space-marines::masters-of-the-maelstrom|chaos-space-marines::chosen|
chaos-space-marines::masters-of-the-maelstrom|chaos-space-marines::legionaries|
chaos-space-marines::masters-of-the-maelstrom|chaos-space-marines::red-corsairs-raiders|
chaos-space-marines::red-corsairs-reave-captain|chaos-space-marines::chosen|
chaos-space-marines::red-corsairs-reave-captain|chaos-space-marines::legionaries|
chaos-space-marines::red-corsairs-reave-captain|chaos-space-marines::nemesis-claw|
chaos-space-marines::red-corsairs-reave-captain|chaos-space-marines::red-corsairs-raiders|
chaos-space-marines::sorcerer|chaos-space-marines::chosen|
chaos-space-marines::sorcerer|chaos-space-marines::legionaries|
chaos-space-marines::sorcerer|chaos-space-marines::nemesis-claw|
chaos-space-marines::sorcerer|chaos-space-marines::red-corsairs-raiders|
chaos-space-marines::sorcerer-in-terminator-armour|chaos-space-marines::chaos-terminator-squad|
chaos-space-marines::traitor-enforcer|chaos-space-marines::traitor-guardsmen-squad|
chaos-space-marines::warpsmith|chaos-space-marines::chosen|
chaos-space-marines::warpsmith|chaos-space-marines::havocs|
chaos-space-marines::warpsmith|chaos-space-marines::legionaries|
chaos-space-marines::warpsmith|chaos-space-marines::nemesis-claw|
chaos-space-marines::warpsmith|chaos-space-marines::red-corsairs-raiders|
death-guard::biologus-putrifier|death-guard::plague-marines|
death-guard::foul-blightspawn|death-guard::plague-marines|
death-guard::icon-bearer|death-guard::plague-marines|
death-guard::lord-of-contagion|death-guard::blightlord-terminators|
death-guard::lord-of-contagion|death-guard::deathshroud-terminators|
death-guard::lord-of-poxes|death-guard::plague-marines|
death-guard::lord-of-virulence|death-guard::blightlord-terminators|
death-guard::lord-of-virulence|death-guard::deathshroud-terminators|
death-guard::malignant-plaguecaster|death-guard::plague-marines|
death-guard::malignant-plaguecaster|death-guard::poxwalkers|
death-guard::noxious-blightbringer|death-guard::plague-marines|
death-guard::noxious-blightbringer|death-guard::poxwalkers|
death-guard::plague-surgeon|death-guard::plague-marines|
death-guard::tallyman|death-guard::plague-marines|
death-guard::typhus|death-guard::blightlord-terminators|
death-guard::typhus|death-guard::deathshroud-terminators|
death-guard::typhus|death-guard::poxwalkers|
drukhari::archon|drukhari::hand-of-the-archon|
drukhari::archon|drukhari::incubi|
drukhari::archon|drukhari::kabalite-warriors|
drukhari::drazhar|drukhari::incubi|
drukhari::haemonculus|drukhari::wracks|
drukhari::lady-malys|drukhari::hand-of-the-archon|
drukhari::lady-malys|drukhari::incubi|
drukhari::lady-malys|drukhari::kabalite-warriors|
drukhari::lelith-hesperax|drukhari::wyches|
drukhari::succubus|drukhari::wyches|
emperors-children::lord-exultant|emperors-children::flawless-blades|
emperors-children::lord-exultant|emperors-children::infractors|
emperors-children::lord-exultant|emperors-children::tormentors|
emperors-children::lord-kakophonist|emperors-children::chaos-terminators|
emperors-children::lord-kakophonist|emperors-children::noise-marines|
emperors-children::lord-kakophonist|emperors-children::tormentors|
emperors-children::lucius-the-eternal|emperors-children::flawless-blades|
emperors-children::sorcerer|emperors-children::infractors|
emperors-children::sorcerer|emperors-children::noise-marines|
emperors-children::sorcerer|emperors-children::tormentors|
genestealer-cults::abominant|genestealer-cults::aberrants|
genestealer-cults::acolyte-iconward|genestealer-cults::acolyte-hybrids-with-autopistols|
genestealer-cults::acolyte-iconward|genestealer-cults::acolyte-hybrids-with-hand-flamers|
genestealer-cults::acolyte-iconward|genestealer-cults::hybrid-metamorphs|
genestealer-cults::acolyte-iconward|genestealer-cults::neophyte-hybrids|
genestealer-cults::benefictus|genestealer-cults::acolyte-hybrids-with-autopistols|
genestealer-cults::benefictus|genestealer-cults::acolyte-hybrids-with-hand-flamers|
genestealer-cults::benefictus|genestealer-cults::hybrid-metamorphs|
genestealer-cults::benefictus|genestealer-cults::neophyte-hybrids|
genestealer-cults::biophagus|genestealer-cults::aberrants|
genestealer-cults::biophagus|genestealer-cults::acolyte-hybrids-with-autopistols|
genestealer-cults::biophagus|genestealer-cults::acolyte-hybrids-with-hand-flamers|
genestealer-cults::biophagus|genestealer-cults::hybrid-metamorphs|
genestealer-cults::biophagus|genestealer-cults::neophyte-hybrids|
genestealer-cults::clamavus|genestealer-cults::acolyte-hybrids-with-autopistols|
genestealer-cults::clamavus|genestealer-cults::acolyte-hybrids-with-hand-flamers|
genestealer-cults::clamavus|genestealer-cults::hybrid-metamorphs|
genestealer-cults::clamavus|genestealer-cults::neophyte-hybrids|
genestealer-cults::jackal-alphus|genestealer-cults::atalan-jackals|
genestealer-cults::locus|genestealer-cults::acolyte-hybrids-with-autopistols|
genestealer-cults::locus|genestealer-cults::acolyte-hybrids-with-hand-flamers|
genestealer-cults::locus|genestealer-cults::hybrid-metamorphs|
genestealer-cults::locus|genestealer-cults::neophyte-hybrids|
genestealer-cults::magus|genestealer-cults::acolyte-hybrids-with-autopistols|
genestealer-cults::magus|genestealer-cults::acolyte-hybrids-with-hand-flamers|
genestealer-cults::magus|genestealer-cults::hybrid-metamorphs|
genestealer-cults::magus|genestealer-cults::neophyte-hybrids|
genestealer-cults::nexos|genestealer-cults::acolyte-hybrids-with-autopistols|
genestealer-cults::nexos|genestealer-cults::acolyte-hybrids-with-hand-flamers|
genestealer-cults::nexos|genestealer-cults::hybrid-metamorphs|
genestealer-cults::nexos|genestealer-cults::neophyte-hybrids|
genestealer-cults::patriarch|genestealer-cults::purestrain-genestealers|
genestealer-cults::primus|genestealer-cults::acolyte-hybrids-with-autopistols|
genestealer-cults::primus|genestealer-cults::acolyte-hybrids-with-hand-flamers|
genestealer-cults::primus|genestealer-cults::hybrid-metamorphs|
genestealer-cults::primus|genestealer-cults::neophyte-hybrids|
grey-knights::brother-captain|grey-knights::brotherhood-terminator-squad|
grey-knights::brother-captain|grey-knights::paladin-squad|
grey-knights::brotherhood-champion|grey-knights::purgation-squad|
grey-knights::brotherhood-champion|grey-knights::strike-squad|
grey-knights::brotherhood-chaplain|grey-knights::brotherhood-terminator-squad|
grey-knights::brotherhood-chaplain|grey-knights::paladin-squad|
grey-knights::brotherhood-librarian|grey-knights::brotherhood-terminator-squad|
grey-knights::brotherhood-librarian|grey-knights::paladin-squad|
grey-knights::brotherhood-techmarine|grey-knights::purgation-squad|
grey-knights::brotherhood-techmarine|grey-knights::purifier-squad|
grey-knights::brotherhood-techmarine|grey-knights::strike-squad|
grey-knights::castellan-crowe|grey-knights::purifier-squad|
grey-knights::grand-master|grey-knights::brotherhood-terminator-squad|
grey-knights::grand-master|grey-knights::paladin-squad|
grey-knights::grand-master-voldus|grey-knights::brotherhood-terminator-squad|
grey-knights::grand-master-voldus|grey-knights::paladin-squad|
leagues-of-votann::berehk-stornbrow|leagues-of-votann::cthonian-beserks|
leagues-of-votann::brokhyr-iron-master|leagues-of-votann::brokhyr-thunderkyn|
leagues-of-votann::brokhyr-iron-master|leagues-of-votann::hearthkyn-warriors|
leagues-of-votann::einhyr-champion|leagues-of-votann::einhyr-hearthguard|
leagues-of-votann::grimnyr|leagues-of-votann::hearthkyn-warriors|
leagues-of-votann::kahl|leagues-of-votann::einhyr-hearthguard|
leagues-of-votann::kahl|leagues-of-votann::hearthkyn-warriors|
leagues-of-votann::memnyr-strategist|leagues-of-votann::ironkin-steeljacks-with-heavy-volkanite-disintegrators|
leagues-of-votann::memnyr-strategist|leagues-of-votann::ironkin-steeljacks-with-melee-weapons|
leagues-of-votann::uthar-the-destined|leagues-of-votann::einhyr-hearthguard|
leagues-of-votann::uthar-the-destined|leagues-of-votann::hearthkyn-warriors|
necrons::chronomancer|necrons::immortals|
necrons::chronomancer|necrons::necron-warriors|
necrons::geomancer|necrons::canoptek-macrocytes|
necrons::geomancer|necrons::immortals|
necrons::geomancer|necrons::necron-warriors|
necrons::imotekh-the-stormlord|necrons::immortals|
necrons::imotekh-the-stormlord|necrons::lychguard|
necrons::imotekh-the-stormlord|necrons::necron-warriors|
necrons::lokhust-lord|necrons::lokhust-destroyers|
necrons::lokhust-lord|necrons::lokhust-heavy-destroyers|
necrons::orikan-the-diviner|necrons::immortals|
necrons::orikan-the-diviner|necrons::necron-warriors|
necrons::overlord|necrons::immortals|
necrons::overlord|necrons::lychguard|
necrons::overlord|necrons::necron-warriors|
necrons::overlord-with-translocation-shroud|necrons::immortals|
necrons::overlord-with-translocation-shroud|necrons::lychguard|
necrons::overlord-with-translocation-shroud|necrons::necron-warriors|
necrons::plasmancer|necrons::immortals|
necrons::plasmancer|necrons::necron-warriors|
necrons::psychomancer|necrons::immortals|
necrons::psychomancer|necrons::necron-warriors|
necrons::royal-warden|necrons::immortals|
necrons::royal-warden|necrons::necron-warriors|
necrons::skorpekh-lord|necrons::skorpekh-destroyers|
necrons::technomancer|necrons::canoptek-wraiths|
necrons::technomancer|necrons::immortals|
necrons::technomancer|necrons::necron-warriors|
necrons::trazyn-the-infinite|necrons::immortals|
necrons::trazyn-the-infinite|necrons::lychguard|
necrons::trazyn-the-infinite|necrons::necron-warriors|
orks::beastboss|orks::beast-snagga-boyz|
orks::beastboss-on-squigosaur|orks::squighog-boyz|
orks::big-mek|orks::boyz|
orks::big-mek|orks::breaka-boyz|
orks::big-mek|orks::flash-gitz|
orks::big-mek|orks::lootas|
orks::big-mek|orks::mek-gunz|
orks::big-mek|orks::nobz|
orks::big-mek|orks::tankbustas|
orks::big-mek-in-mega-armour|orks::meganobz|
orks::big-mek-in-mega-armour|orks::mek-gunz|
orks::big-mek-with-shokk-attack-gun|orks::boyz|
orks::big-mek-with-shokk-attack-gun|orks::breaka-boyz|
orks::big-mek-with-shokk-attack-gun|orks::flash-gitz|
orks::big-mek-with-shokk-attack-gun|orks::lootas|
orks::big-mek-with-shokk-attack-gun|orks::mek-gunz|
orks::big-mek-with-shokk-attack-gun|orks::nobz|
orks::big-mek-with-shokk-attack-gun|orks::tankbustas|
orks::boss-snikrot|orks::kommandos|
orks::deffkilla-wartrike|orks::warbikers|
orks::ghazghkull-thraka|orks::boyz|
orks::ghazghkull-thraka|orks::breaka-boyz|
orks::ghazghkull-thraka|orks::meganobz|
orks::ghazghkull-thraka|orks::nobz|
orks::mek|orks::boyz|
orks::mek|orks::flash-gitz|
orks::mek|orks::lootas|
orks::mek|orks::mek-gunz|
orks::mek|orks::nobz|
orks::mek|orks::tankbustas|
orks::mozrog-skragbad|orks::squighog-boyz|
orks::painboss|orks::beast-snagga-boyz|
orks::painboss|orks::squighog-boyz|
orks::painboy|orks::boyz|
orks::painboy|orks::breaka-boyz|
orks::painboy|orks::burna-boyz|
orks::painboy|orks::flash-gitz|
orks::painboy|orks::lootas|
orks::painboy|orks::nobz|
orks::painboy|orks::tankbustas|
orks::warboss|orks::boyz|
orks::warboss|orks::breaka-boyz|
orks::warboss|orks::nobz|
orks::warboss-in-mega-armour|orks::meganobz|
orks::weirdboy|orks::beast-snagga-boyz|
orks::weirdboy|orks::boyz|
orks::weirdboy|orks::breaka-boyz|
orks::wurrboy|orks::beast-snagga-boyz|
orks::zodgrod-wortsnagga|orks::gretchin|
tau-empire::cadre-fireblade|tau-empire::breacher-team|
tau-empire::cadre-fireblade|tau-empire::strike-team|
tau-empire::commander-farsight|tau-empire::crisis-fireknife-battlesuits|
tau-empire::commander-farsight|tau-empire::crisis-starscythe-battlesuits|
tau-empire::commander-farsight|tau-empire::crisis-sunforge-battlesuits|
tau-empire::commander-in-coldstar-battlesuit|tau-empire::crisis-fireknife-battlesuits|
tau-empire::commander-in-coldstar-battlesuit|tau-empire::crisis-starscythe-battlesuits|
tau-empire::commander-in-coldstar-battlesuit|tau-empire::crisis-sunforge-battlesuits|
tau-empire::commander-in-enforcer-battlesuit|tau-empire::crisis-fireknife-battlesuits|
tau-empire::commander-in-enforcer-battlesuit|tau-empire::crisis-starscythe-battlesuits|
tau-empire::commander-in-enforcer-battlesuit|tau-empire::crisis-sunforge-battlesuits|
tau-empire::darkstrider|tau-empire::pathfinder-team|
tau-empire::ethereal|tau-empire::breacher-team|
tau-empire::ethereal|tau-empire::strike-team|
tau-empire::kroot-flesh-shaper|tau-empire::kroot-carnivores|
tau-empire::kroot-flesh-shaper|tau-empire::kroot-farstalkers|
tau-empire::kroot-trail-shaper|tau-empire::kroot-carnivores|
tau-empire::kroot-trail-shaper|tau-empire::kroot-farstalkers|
tau-empire::kroot-war-shaper|tau-empire::kroot-carnivores|
tau-empire::kroot-war-shaper|tau-empire::kroot-farstalkers|
thousand-sons::ahriman|thousand-sons::rubric-marines|
thousand-sons::ahriman|thousand-sons::tzaangor-enlightened|
thousand-sons::ahriman|thousand-sons::tzaangor-enlightened-with-fatecaster-greatbows|
thousand-sons::exalted-sorcerer|thousand-sons::rubric-marines|
thousand-sons::exalted-sorcerer-on-disc-of-tzeentch|thousand-sons::rubric-marines|
thousand-sons::exalted-sorcerer-on-disc-of-tzeentch|thousand-sons::tzaangor-enlightened|
thousand-sons::exalted-sorcerer-on-disc-of-tzeentch|thousand-sons::tzaangor-enlightened-with-fatecaster-greatbows|
thousand-sons::infernal-master|thousand-sons::rubric-marines|
thousand-sons::sorcerer|thousand-sons::rubric-marines|
thousand-sons::sorcerer-in-terminator-armour|thousand-sons::scarab-occult-terminators|
thousand-sons::tzaangor-shaman|thousand-sons::tzaangor-enlightened|
thousand-sons::tzaangor-shaman|thousand-sons::tzaangor-enlightened-with-fatecaster-greatbows|
thousand-sons::tzaangor-shaman|thousand-sons::tzaangors|
tyranids::broodlord|tyranids::genestealers|
tyranids::hive-tyrant|tyranids::tyrant-guard|
tyranids::hyperadapted-raveners|tyranids::raveners|
tyranids::neurotyrant|tyranids::neurogaunts|
tyranids::neurotyrant|tyranids::tyrant-guard|
tyranids::neurotyrant|tyranids::zoanthropes|
tyranids::old-one-eye|tyranids::carnifexes|
tyranids::the-swarmlord|tyranids::tyrant-guard|
tyranids::tyranid-prime-with-lash-whip|tyranids::hormagaunts|
tyranids::tyranid-prime-with-lash-whip|tyranids::termagants|
tyranids::tyranid-prime-with-lash-whip|tyranids::tyranid-warriors-with-melee-bio-weapons|
tyranids::tyranid-prime-with-lash-whip|tyranids::tyranid-warriors-with-ranged-bio-weapons|
tyranids::winged-tyranid-prime|tyranids::gargoyles|
tyranids::winged-tyranid-prime|tyranids::tyranid-warriors-with-melee-bio-weapons|
tyranids::winged-tyranid-prime|tyranids::tyranid-warriors-with-ranged-bio-weapons|
world-eaters::kharn-the-betrayer|world-eaters::khorne-berzerkers|
world-eaters::lord-invocatus|world-eaters::eightbound|
world-eaters::lord-invocatus|world-eaters::exalted-eightbound|
world-eaters::lord-invocatus|world-eaters::khorne-berzerkers|
world-eaters::lord-on-juggernaut|world-eaters::eightbound|
world-eaters::lord-on-juggernaut|world-eaters::exalted-eightbound|
world-eaters::lord-on-juggernaut|world-eaters::khorne-berzerkers|
world-eaters::master-of-executions|world-eaters::khorne-berzerkers|
world-eaters::slaughterbound|world-eaters::eightbound|
world-eaters::slaughterbound|world-eaters::exalted-eightbound|
